Team,Tournaments,Games,Wins,Losses,W_Ratio,Opponent_W_Ratio,Goals_For,Goals_Against,Avg_Point_Diff,Component,Interconnectivity,Eligible
GB U20,1,3,3,0,1.0,0.3333333333333333,37,18,6.333333333333333,1.0,3,0
Brixton,1,3,2,1,0.6666666666666666,0.4444444444444444,30,27,1.0,1.0,3,0
Kestrels,1,3,1,2,0.3333333333333333,0.5555555555555555,27,29,-0.6666666666666666,1.0,3,0
Chameleons,1,3,0,3,0.0,0.6666666666666666,16,36,-6.666666666666667,1.0,3,0
