Team,Rating_Sigmoid,Rating_Windmill,Rating_USAU,Tournaments,Games,Wins,Losses,W_Ratio,Opponent_W_Ratio,Goals_For,Goals_Against,Avg_Point_Diff,Component,Interconnectivity,Eligible
GB U20,68.11,4.75,350.76,1,3,3,0,1.0,0.3333333333333333,37,18,6.333333333333333,1.0,3,0
Brixton,12.76,0.75,93.09,1,3,2,1,0.6666666666666666,0.4444444444444444,30,27,1.0,1.0,3,0
Kestrels,-8.93,-0.5,-62.1,1,3,1,2,0.3333333333333333,0.5555555555555555,27,29,-0.6666666666666666,1.0,3,0
Chameleons,-71.94,-5.0,-385.45,1,3,0,3,0.0,0.6666666666666666,16,36,-6.666666666666667,1.0,3,0
